Li H Imaging,Li EOM,Li Repump,Li MOT,Cs MOT,Cs H Imaging,Li Zeeman,Cs Zeeman,RSC,Cs V Optical Pump,OTOP,Dual Color,BFL,Cs H Optical Pump
O-37,O-27,O-15,O-16,O-17,O-12,O-25,O-48,O-110,O-116,O-267,O-148,O-150,O-127
O-6,O-38,O-307,O-320,O-98,O-4,O-23,O-47,O-95,O-119,O-167,O-129,O-138,O-124
-,,-,O-40,O-250,-,O-2,O-3,O-149,-,O-162,O-145,O-11,O-126
O-305,,O-307,O-78.2,-,O-304,O-22,O-46,O-120,O-321,O-163,O-142,O-7,O-123
O-30,,O-90,O-185,O-79.1,O-82,O-20,O-43,O-5,O-309,O-151,O-266,O-122,O-9
O-325,,O-84,O-250,O-34,O-314,O-19,O-67,-,O-324,O-151,O-135,O-134,O-68
,,,-,-,,,O-35,O-298,,O-152,O-257,O-139,O-41
,,,O-320,O-64.1,,,O-58,O-121,,O-153,O-258,O-189,
,,,O-105,O-93,,,,O-288,,O-158,O-262,-,
,,,O-313,-,,,,-,,O-273,O-263,O-134,
,,,-,O-306,,,,O-114.1,,O-274,-,O-190,
,,,O-78.2,O-104,,,,O-99,,O-97,O-129,,
,,,O-76.3,O-315,,,,O-109,,O-86,O-71,,
,,,O-91,,,,,O-188,,O-85,-,,
,,,O-87,,,,,O-250,,O-80,O-262,,
,,,O-107,,,,,-,,O-81,O-260,,
,,,O-69,,,,,O-322,,O-89,,,
,,,O-70,,,,,O-308,,-,,,
,,,-,,,,,O-323,,O-128,,,
,,,O-76.3,,,,,,,-,,,
,,,O-60,,,,,,,O-80,,,
,,,O-251,,,,,,,O-74,,,
,,,,,,,,,,O-75,,,
,,,,,,,,,,-,,,
,,,,,,,,,,O-74,,,
,,,,,,,,,,-,,,
,,,,,,,,,,O-153,,,
,,,,,,,,,,O-156,,,
,,,,,,,,,,O-159,,,
,,,,,,,,,,O-155,,,
,,,,,,,,,,O-269,,,
,,,,,,,,,,O-270,,,
,,,,,,,,,,-,,,
,,,,,,,,,,O-167,,,
,,,,,,,,,,O-160,,,
,,,,,,,,,,O-165,,,
,,,,,,,,,,O-164,,,
,,,,,,,,,,O-268,,,
,,,,,,,,,,-,,,
,,,,,,,,,,O-165,,,
